"id","email","password_hash","name","bio","avatar_url","created_at","updated_at","contact_mobile","contact_email","show_mobile_to_guests","show_email_to_guests"
5,"andreas@test.com","$2b$10$.puBHXlT5FfaxV2my8VztOSqPzZMO8ifE2dNQYs7S8GASEp9MdJaO","Andreas",NULL,"https://res.cloudinary.com/dnrevr0pi/image/upload/w_200,h_200,c_fill,g_face,q_auto/v1767978624/mwf-avatars/tjte7tbsqbmhgbcgoeyc.jpg","2026-01-09 16:09:40.135543+00","2026-01-09 17:10:25.203427+00",NULL,NULL,False,False
6,"summer@test.com","$2b$10$0JMP37iD9q8WW1gIM/NKMeNwn/nuf9AqkVIslPEEjL2OZ/h.xiake","Summer",NULL,NULL,"2026-01-09 17:26:20.006741+00","2026-01-09 17:26:20.006741+00",NULL,NULL,False,False
7,"peterjones@test.com","$2b$10$tCig/OiDNQ8EDf0x3n36beg.lRf6Tr8WT7QUvvwR/6sYnL/2rXru6","Peter Jones",NULL,"https://res.cloudinary.com/dnrevr0pi/image/upload/w_200,h_200,c_fill,g_face,q_auto/v1767998310/mwf-avatars/mloy7mynue9ijnzfgovd.avif","2026-01-09 22:38:06.58689+00","2026-01-09 22:38:31.202712+00",NULL,NULL,False,False
8,"jaynewilliams@test.com","$2b$10$fSP.vK6jLnIi.sonMWnSwOUWx1kd2cEZwF8ff0eVn5srwcroP3azW","Jayne Williams",NULL,"https://res.cloudinary.com/dnrevr0pi/image/upload/w_200,h_200,c_fill,g_face,q_auto/v1768000030/mwf-avatars/przwpglpatwx4qemfc40.avif","2026-01-09 22:57:54.574538+00","2026-01-09 23:07:10.723118+00",NULL,NULL,False,False
9,"rita@test.com","$2b$10$M53XS8SXhLc3hPs2TXP3OeruzuoAVS5z5FithMpOCc.0YczAtwXPS","Rita",NULL,"https://res.cloudinary.com/dnrevr0pi/image/upload/w_200,h_200,c_fill,g_face,q_auto/v1768000161/mwf-avatars/b6xwarrjyp5ozbcohxlc.avif","2026-01-09 23:08:12.08694+00","2026-01-09 23:09:21.837264+00",NULL,NULL,False,False
10,"steve@test.com","$2b$10$mvkIu5NFXs7YNBKMfceSi.jrgf.AW0j3PQHgEZN1/go2HBdQ4BlmO","Steve",NULL,"https://res.cloudinary.com/dnrevr0pi/image/upload/w_200,h_200,c_fill,g_face,q_auto/v1768000328/mwf-avatars/og9fnj3akhyrs7kh2pph.avif","2026-01-09 23:11:05.911769+00","2026-01-09 23:12:09.044188+00",NULL,NULL,False,False
11,"alanperks@test.com","$2b$10$GnWehv3lPlmLoBciDlp3dOWyG8crBEe5s13SMbncBpgr/gTjrD1YW","Alan Perks",NULL,"https://res.cloudinary.com/dnrevr0pi/image/upload/w_200,h_200,c_fill,g_face,q_auto/v1768041457/mwf-avatars/ke3lpfaklnc3izstggu9.avif","2026-01-10 10:37:23.949253+00","2026-01-10 10:37:38.103997+00",NULL,NULL,False,False
12,"stephenwalsh@test.com","$2b$10$38AsBCSo18yIBNoSWxpRF.7on23JTKt6HiCusuDGgpjG65o2ol8lW","Stephen Walsh",NULL,"https://res.cloudinary.com/dnrevr0pi/image/upload/w_200,h_200,c_fill,g_face,q_auto/v1768041504/mwf-avatars/wkienhwnbylswwgbxsyk.avif","2026-01-10 10:38:13.999777+00","2026-01-10 10:38:25.807927+00",NULL,NULL,False,False
13,"katrinadurnell@test.com","$2b$10$t3F3sSiYBH5Y7dTrwr3Tj.KoeeeC9Ien5XVYVE2Xw/1rq9vn7O6Pq","Katrina Durnell",NULL,"https://res.cloudinary.com/dnrevr0pi/image/upload/w_200,h_200,c_fill,g_face,q_auto/v1768041577/mwf-avatars/y87xe9yib4k47gquojzi.avif","2026-01-10 10:39:11.9172+00","2026-01-10 10:39:38.61664+00",NULL,NULL,False,False
14,"louise@test.com","$2b$10$8pxRK3Shw/Px0qI.grcijeiXqjdxNkMAxYRL1oBK6c1DI2F7LLhvC","Louise",NULL,"https://res.cloudinary.com/dnrevr0pi/image/upload/w_200,h_200,c_fill,g_face,q_auto/v1768041629/mwf-avatars/glabavatvj4qllavgrro.avif","2026-01-10 10:40:21.022459+00","2026-01-10 10:40:30.32195+00",NULL,NULL,False,False
15,"elsie@test.com","$2b$10$HkbNOO5NjXN94BibEN89XOJgbzk5vf/vWWQPrf1upLWOsMTEuio5C","Elsie",NULL,"https://res.cloudinary.com/dnrevr0pi/image/upload/w_200,h_200,c_fill,g_face,q_auto/v1768041670/mwf-avatars/roemeg0mozf0ivpuwquf.avif","2026-01-10 10:41:01.309241+00","2026-01-10 10:41:11.428019+00",NULL,NULL,False,False
16,"sharoncalcott@test.com","$2b$10$.8QIl.M6iEvylcNYGiWDbOB3tABPsCOWdlmU2zyW0OV2H6XQXdbty","Sharon Calcott",NULL,"https://res.cloudinary.com/dnrevr0pi/image/upload/w_200,h_200,c_fill,g_face,q_auto/v1768041715/mwf-avatars/ke8d4tmahnmxqxnijxs7.avif","2026-01-10 10:41:46.486315+00","2026-01-10 10:41:55.492766+00",NULL,NULL,False,False
